conversation_id_str,created_at,favorite_count,full_text,id_str,image_url,in_reply_to_screen_name,lang,location,quote_count,reply_count,retweet_count,tweet_url,user_id_str,username,clean_text,translated_text,sentiment,date,engagement
1892908124417544205,2025-02-21 12:04:00+00:00,0,Bjir baru tau walikota kediri trnyata seamalmater seangkatan sm gue dan tetanggaan fakultasnya wkwk keren,1892908124417544205,,,in,Tangsel,0,0,0,https://x.com/gevgevariel/status/1892908124417544205,1368158733214261252,gevgevariel,bjir baru tau walikota kediri trnyata seamalmater seangkatan sm gue dan tetanggaan fakultasnya wkwk keren,Bjir just found out that the Mayor of Kediri Trnena Seamalmater in my SM and his neighboring faculty wkwk is cool,positive,2025-02-21,0
1867144733665231080,2024-12-12 09:49:32+00:00,0,Kediri - Kamis (12/12) Kepala Bapas Kediri menghadiri acara Peresmian UPT PPA Kota Kediri di Taman Sekartaji Kota Kediri. Acara ini dihadiri oleh Pj. Walikota Kediri Kepala Kejaksaan Negeri Kota Kediri KaBapas Kediri dan perwakilan stake holder lainnya. https://t.co/3Hoa3EqqSh,1867144747921588520,https://pbs.twimg.com/media/GeluQKobMAA7WHy.jpg,Bapas_Kediri,in,,0,1,0,https://x.com/Bapas_Kediri/status/1867144747921588520,925171301920129024,Bapas_Kediri,kediri kamis kepala bapas kediri menghadiri acara peresmian upt ppa kota kediri di taman sekartaji kota kediri acara ini dihadiri oleh pj walikota kediri kepala kejaksaan negeri kota kediri kabapas kediri dan perwakilan stake holder lainnya,"Kediri Thursday, Head of Bapas Kediri attended the inauguration ceremony of the Kediri City PPA UPT in the Secretariat of the Kediri City Sekartaji Park, this event was attended by the Acting Mayor of Kediri, Head of the Kediri City Prosecutor's Office, Kediri Kediri Regency and other stakeholder representatives",neutral,2024-12-12,0
1892398331651117221,2025-02-20 02:18:15+00:00,2,Terimakasih Pj Walikota Kediri Dr. Ir. Zanariah https://t.co/Wodty4Kibg Atas Pengabdian dan Dedikasinya untuk Kemajuan dan Pembangunan Kota Kediri Periode 2024 - 2025. #bnnkotakediri #bersinar #jatimsangar #kotakediri https://t.co/KPlzH3V4AA,1892398331651117221,https://pbs.twimg.com/media/GkMmPcpbUAImycA.jpg,,in,https://maps.app.goo.gl/Z97WNk,0,0,0,https://x.com/bnn_kotakediri/status/1892398331651117221,1438504955615141904,bnn_kotakediri,terimakasih pj walikota kediri dr ir zanariah atas pengabdian dan dedikasinya untuk kemajuan dan pembangunan kota kediri periode,Thank you Acting Mayor of Kediri Dr. Ir Zanariah for his dedication and dedication for the progress and development of the City of Kediri Period,positive,2025-02-20,2
1893108564341989775,2025-02-22 01:20:28+00:00,0,SIANJIR WALIKOTA KEDIRI YANG BARU SEANGKATAN GUE PAS KULIAH???? BURU BURU NYALONIN DIRI JUGA AH GUE JADI WALIKOTA BEKASI,1893108564341989775,,,in,Unknown,0,0,0,https://x.com/bukanjamalll/status/1893108564341989775,1135681263702904832,bukanjamalll,sianjir walikota kediri yang baru seangkatan gue pas kuliah buru buru nyalonin diri juga ah gue jadi walikota bekasi,"Sianjir, the new Mayor of Kediri, when I was in college, I was in a hurry to hunt down myself too, I was the Mayor of Bekasi",neutral,2025-02-22,0
1877347149450539325,2025-01-09 16:01:29+00:00,2,@KediriFess Awoakwok guyonan anyar : plonga plongo koyok walikota kediri,1877385213870780573,,KediriFess,in,Fire City,1,1,0,https://x.com/donttt_disturb/status/1877385213870780573,1064275788466290689,donttt_disturb,awoakwok guyonan anyar plonga plongo koyok walikota kediri,Awoakwok Anyar Joke Plongo Plongo Koyok Mayor Kediri,positive,2025-01-09,2
1894952467437404334,2025-02-27 03:27:29+00:00,0,Saya bertemu dengan Walikota Kediri Ibu Vinanda Prameswati SH https://t.co/KTZWdlhAjC yang di usia 26 tahun telah resmi dilantik menjadi Walikota termuda. Sosok inspiratif yang membuktikan dengan kerja keras dan tekad yang kuat tidak ada yang tidak mungkin untuk dicapai. https://t.co/kKwax776Mu,1894952467437404334,https://pbs.twimg.com/amplify_video_thumb/1894952328752701442/img/bDpDjGR_1ALcT0eW.jpg,,in,Indonesia,0,1,0,https://x.com/munafri_arfdn/status/1894952467437404334,1416751270665232384,munafri_arfdn,saya bertemu dengan walikota kediri ibu vinanda prameswati sh yang di usia tahun telah resmi dilantik menjadi walikota termuda sosok inspiratif yang membuktikan dengan kerja keras dan tekad yang kuat tidak ada yang tidak mungkin untuk dicapai,I met with the Mayor of Kediri Mrs. Vinanda Prameswati SH who at the age of the year had been officially appointed as the youngest Mayor of Inspirational Figure who proved with hard work and strong determination nothing was impossible to achieve,positive,2025-02-27,0
1892547341229375833,2025-02-21 02:58:55+00:00,0,@ipuleadership @Biryani568211 dhito itu bupati kabupaten kediri...bukan walikota kediri... https://t.co/2kLjCZV5Ab,1892770949562589281,,ipuleadership,in,,0,0,0,https://x.com/p_edi/status/1892770949562589281,170347663,p_edi,dhito itu bupati kabupaten kediribukan walikota kediri,Dhito is the Regent of the Department of the Mayor of Kediri,neutral,2025-02-21,0
1866079609529528693,2024-12-09 11:17:03+00:00,1,Pemkot Gelar OPM Pj Walikota Kediri : Masyarakat Jangan Panic Buying https://t.co/5yFWrxupjf,1866079609529528693,,,in,"Kediri, Jawa Timur, Indonesia",0,0,0,https://x.com/RadioANDIKA/status/1866079609529528693,292707369,RadioANDIKA,pemkot gelar opm pj walikota kediri masyarakat jangan panic buying,"City Government Holds OPM PJ Mayor of Kediri, don't panic buying",positive,2024-12-09,1
1892769086829903891,2025-02-21 02:51:30+00:00,0,Terimakasih Dr. Ir. Zanariah https://t.co/2F6Hm1c95x. Sebagai PJ. WALIKOTA KEDIRI Atas Dedikasi dan Pengabdian Terbaik Selama Memimpin Kota Kediri. https://t.co/qkBwxLRCnx,1892769086829903891,https://pbs.twimg.com/media/GkR3clUWUAEegh7.jpg,,in,Jl. Himalaya No. 4A Sukorame,0,0,0,https://x.com/bawaslukotaKDR/status/1892769086829903891,915478535384350720,bawaslukotaKDR,terimakasih dr ir zanariah sebagai pj walikota kediri atas dedikasi dan pengabdian terbaik selama memimpin kota kediri,Thank you Dr. Ir Zanariah as the Acting Mayor of Kediri for the best dedication and dedication while leading the city of Kediri,positive,2025-02-21,0
1871209187717632173,2024-12-23 15:00:10+00:00,0,Kakan kemenag menghadiri Pemecahan rekor muri english masive festival tahun 2024 yang di adakan oleh pemerintah kota Kediri. Kegiatan di adakan di taman brantas kota Kediri dengan diikuti sekitar 1.000 peserta english masive se kota kediri dibuka oleh Pj. Walikota Kediri https://t.co/R6k75KUDzh,1871209187717632173,https://pbs.twimg.com/media/Gffe1C3aQAAQE8X.jpg,,in,Jl. Mayor Bismo No. 06 Kediri ,0,0,0,https://x.com/kediri_kemenag/status/1871209187717632173,1229984385228668928,kediri_kemenag,kakan kemenag menghadiri pemecahan rekor muri english masive festival tahun yang di adakan oleh pemerintah kota kediri kegiatan di adakan di taman brantas kota kediri dengan diikuti sekitar peserta english masive se kota kediri dibuka oleh pj walikota kediri,"Kakan Ministry of Religion attended the Breaking Record of the MURI English Masive Masive Festival which was held by the City Government of Kediri, the activity was held at Taman Brantas Kediri City, followed by around Masive English participants in Kediri City.",positive,2024-12-23,0
1895705099684757523,2025-03-01 05:18:10+00:00,0,Walikota Kediri seumuran gue????????????? HAH,1895705099684757523,,,in,nomaden,0,0,0,https://x.com/daynswiftly/status/1895705099684757523,101614860,daynswiftly,walikota kediri seumuran gue hah,Mayor of Kediri my age,neutral,2025-03-01,0
1892416447185584469,2025-02-20 03:30:15+00:00,0,meskipun aku warga kabupaten kediri tapi agak syok dikit karena doi yang terpilih jadi walikota kediri wkwk,1892416447185584469,,,in,,0,0,0,https://x.com/kidofuniverse/status/1892416447185584469,1014711757,kidofuniverse,meskipun aku warga kabupaten kediri tapi agak syok dikit karena doi yang terpilih jadi walikota kediri wkwk,"Even though I am a resident of Kediri Regency, it's a bit shocked because he was chosen to be the Mayor of Kediri",negative,2025-02-20,0
1877593840686870560,2025-01-10 05:50:30+00:00,1,Kepala Kepolisian Resor Kediri Kota Beserta Staf dan Jajaran Selamat Hari Ulang Tahun 10 Januari 2025 Dr. Ir. Zanariah https://t.co/WnmiehTUGp. Pj. Walikota Kediri Semoga Panjang Umur Sehat Selalu Serta Senantiasa Dalam Lindungan Allah SWT https://t.co/mCT3YlvanI,1877593840686870560,https://pbs.twimg.com/media/Gg6NpFIaMAQ2Csw.jpg,,in,,0,0,0,https://x.com/polsek_semen/status/1877593840686870560,1831660019416494080,polsek_semen,kepala kepolisian resor kediri kota beserta staf dan jajaran selamat hari ulang tahun januari dr ir zanariah pj walikota kediri semoga panjang umur sehat selalu serta senantiasa dalam lindungan allah swt,"Kediri City Police Chief along with staff and Happy Birthday January Dr. Ir Zanariah PJ Mayor of Kediri, hopefully a long life is always and always in the protection of Allah SWT",positive,2025-01-10,1
1895504349893382354,2025-02-28 16:00:28+00:00,0,Bawa Semangat Retret Walikota Kediri Tekankan Soliditas dan Integritas untuk Bangun Kota Kediri - Kubus https://t.co/1UZVaJO6L1,1895504349893382354,,,in,"Kediri, Jawa Timur, Indonesia",0,0,0,https://x.com/RadioANDIKA/status/1895504349893382354,292707369,RadioANDIKA,bawa semangat retret walikota kediri tekankan soliditas dan integritas untuk bangun kota kediri kubus,"Bring the spirit of the Mayor of Kediri, emphasize solidity and integrity to build the city of Kediri cubes",positive,2025-02-28,0
1868989609566519463,2024-12-17 12:00:21+00:00,0,Umur 22 sik durung tau dadi pasien rsj iki wes termasuk apik loh mas lak diwalik dibandingno karo walikota kediri sing anyar umur 26 wes dadi walikota gelem a‍↕️,1868989609566519463,,,in,,0,1,0,https://x.com/umeemayo/status/1868989609566519463,1772390388294356993,umeemayo,umur sik durung tau dadi pasien rsj iki wes termasuk apik loh mas lak diwalik dibandingno karo walikota kediri sing anyar umur wes dadi walikota gelem a,Age SIK Durung Tau Dadi Patients with Iki Wes Hospital including APIK LOH MAS LAK DIRECTED compared,neutral,2024-12-17,0
1877977028508708944,2025-01-11 07:13:09+00:00,0,Komisi Pemilihan Umum (KPU) Kota Kediri secara resmi menetapkan pasangan Vinanda Prameswati S.H MKn dan KH Qowimuddin Thoha sebagai Walikota dan Wakil Walikota Kediri Terpilih periode 2024-2029 pada Kamis 9 Januari 2025. https://t.co/zJreyQDkZI,1877977028508708944,,,in,Indonesia,0,0,0,https://x.com/JavanicaPost/status/1877977028508708944,1846016698920685568,JavanicaPost,komisi pemilihan umum kpu kota kediri secara resmi menetapkan pasangan vinanda prameswati sh mkn dan kh qowimuddin thoha sebagai walikota dan wakil walikota kediri terpilih periode pada kamis januari,The Kediri City KPU General Election Commission officially established the pair Vinanda Prameswati SH MKN and KH Qowimuddin Thoha as Mayor and Deputy Mayor of Kediri elected on Thursday January,neutral,2025-01-11,0
1877593265329025260,2025-01-10 05:48:13+00:00,0,Kepala Kepolisian Resor Kediri Kota Beserta Staf dan Jajaran Mengucapkan Selamat Hari Ulang Tahun 10 Januari 2025 Dr. Ir. Zanariah https://t.co/qtwJcVrziX. Pj. Walikota Kediri Semoga Panjang Umur Sehat Selalu Serta Senantiasa Dalam Lindungan Allah SWT https://t.co/7zPfxXoW0G,1877593265329025260,https://pbs.twimg.com/media/Gg6NH72aMAE4aaB.jpg,,in,,0,0,0,https://x.com/sektormojoroto/status/1877593265329025260,1641787834439962627,sektormojoroto,kepala kepolisian resor kediri kota beserta staf dan jajaran mengucapkan selamat hari ulang tahun januari dr ir zanariah pj walikota kediri semoga panjang umur sehat selalu serta senantiasa dalam lindungan allah swt,"Kediri City Police Chief and staff and staff wish you a happy birthday January Dr. Ir Zanariah PJ Mayor of Kediri, hopefully a long life is always and always in the protection of Allah SWT",positive,2025-01-10,0
1892963090725040286,2025-02-21 15:42:25+00:00,0,Walikota Kediri Vinanda Prameswati Curi Perhatian di Lokasi Pemberangkatan Retret Magelang - Kubus https://t.co/N2m1EmZQDL,1892963090725040286,,,in,"Kediri, Jawa Timur, Indonesia",0,0,0,https://x.com/RadioANDIKA/status/1892963090725040286,292707369,RadioANDIKA,walikota kediri vinanda prameswati curi perhatian di lokasi pemberangkatan retret magelang kubus,Mayor of Kediri Vinanda Prameswati stole attention at the location of the departure of Magelang Retreat Cube,positive,2025-02-21,0
1892399628202463660,2025-02-20 02:23:25+00:00,2,Kepala BNN Kota Kediri Beserta Seluruh Staf mengucapkan Selamat Atas dilantiknya Walikota dan Wakil Walikota Kediri Periode 2025-2030. Selamat Bertugas menjalankan amanah memimpin Kota Kediri semakin Maju dan Sejahtera. #bnnkotakediri #bersinar #jatimsangar #kotakediri https://t.co/25nhKU5Un4,1892399628202463660,https://pbs.twimg.com/media/GkMnazNbUAEwImb.jpg,,in,https://maps.app.goo.gl/Z97WNk,0,0,0,https://x.com/bnn_kotakediri/status/1892399628202463660,1438504955615141904,bnn_kotakediri,kepala bnn kota kediri beserta seluruh staf mengucapkan selamat atas dilantiknya walikota dan wakil walikota kediri periode selamat bertugas menjalankan amanah memimpin kota kediri semakin maju dan sejahtera,The Head of the Kediri City BNN and all staff congratulated the inauguration of the Mayor and Deputy Mayor of Kediri to have the mandate to lead the city of Kediri to be more advanced and prosperous,positive,2025-02-20,2
1894661015666921788,2025-02-26 08:09:21+00:00,0,Hadiri Penilaian Lomba Posyandu dan Kader Berprestasi Wakil Walikota Kediri Harap Pelayanan Posyandu Semakin Meningkat - Kubus https://t.co/vmenTbjonG,1894661015666921788,,,in,"Kediri, Jawa Timur, Indonesia",0,0,0,https://x.com/RadioANDIKA/status/1894661015666921788,292707369,RadioANDIKA,hadiri penilaian lomba posyandu dan kader berprestasi wakil walikota kediri harap pelayanan posyandu semakin meningkat kubus,"Attend the assessment of the Posyandu competition and the outstanding cadre of the Deputy Mayor of Kediri, hope that the posyandu service will increase the cube",positive,2025-02-26,0
1895095656211193899,2025-02-27 12:56:28+00:00,0,vinanda seangakatan ub udh jd walikota kediri aku jadi apa?,1895095656211193899,,,in,,0,3,0,https://x.com/umikkuu/status/1895095656211193899,1049217230091706368,umikkuu,vinanda seangakatan ub udh jd walikota kediri aku jadi apa,Vinanda Seangakatan Ub has already been a Mayor of Kediri so what,neutral,2025-02-27,0
1893903143458459831,2025-02-24 06:07:44+00:00,0,@henzieeAg Walikota kediri mamanya temenkuuuu bjir,1893905632140366083,,henzieeAg,in,,0,1,0,https://x.com/anodersait/status/1893905632140366083,1828800353443393539,anodersait,walikota kediri mamanya temenkuuuu bjir,"Mayor of Kediri, his mother's friend, my friend, bjir",positive,2025-02-24,0
1894603208523485564,2025-02-26 09:29:43+00:00,1,@MikaelDewabrata Di retret itu ada walikota kediri sila diperiksa seberapa kulitas orang ini.,1894681239409590474,,MikaelDewabrata,in,Jakarta Selatan,0,0,0,https://x.com/tsmaarif_/status/1894681239409590474,1653794812372602880,tsmaarif_,di retret itu ada walikota kediri sila diperiksa seberapa kulitas orang ini,"In the retreat there is the Mayor of Kediri, please examine how many people this person",positive,2025-02-26,1
1894553487624835239,2025-02-26 01:02:05+00:00,0,walikota Kediri tuh ternyata yg ditanya wartawan tp ga bisa jawab itu!!??,1894553487624835239,,,in,,0,0,0,https://x.com/lensesfp/status/1894553487624835239,1231798705822425095,lensesfp,walikota kediri tuh ternyata yg ditanya wartawan tp ga bisa jawab itu,The Mayor of Kediri turned out to be the one who was asked by reporters but could not answer that,neutral,2025-02-26,0
1893676461875208412,2025-02-24 02:20:32+00:00,4,@narkosun @FransAlosius Tau enggak lawannya calon Walikota Kediri?? Lebih parah kelakuane . Dalam pilkada tahun 2024 kota Kediri ketiban sial.,1893848456810070485,,narkosun,in,Ing Madyo MangunKarso,0,0,0,https://x.com/Mangun666/status/1893848456810070485,1470750822652809219,Mangun666,tau enggak lawannya calon walikota kediri lebih parah kelakuane dalam pilkada tahun kota kediri ketiban sial,Do you know that the opponent's candidate for the Mayor of Kediri is more severe in the elections,negative,2025-02-24,4
1893516577019998414,2025-02-23 07:54:11+00:00,2,@Black_Hunter_9 @PartaiSocmed @Birendrakuy Coba cek di IGnya Ning Ita Walikota Mojokerto. Srikandi Jatim disitu ada 4 Kada: Bunda Indah Lumajang trus Walikota Kediri Vinanda trus si Ning Ita barudeh Ipuk,1893570034414346253,,Black_Hunter_9,in,Jakarta,0,0,0,https://x.com/FelixSGL1/status/1893570034414346253,2862109627,FelixSGL1,coba cek di ignya ning ita walikota mojokerto srikandi jatim disitu ada kada bunda indah lumajang trus walikota kediri vinanda trus si ning ita barudeh ipuk,Try checking on the IG Ning Ita Mayor of Mojokerto Srikandi East Java there is Kada Bunda Indah Lumajang then the Mayor of Kediri Vinanda then the Ning Ita Barudeh Ipuk,neutral,2025-02-23,2
1895418442632864220,2025-02-28 12:48:16+00:00,0,@nmeilinaa Udah kayak gini eh terus masih aja dibandingin sama yang Walikota Kediri yang juga 26 th dan udah SH MH bakal lucu dan ngeselin sih ,1895455981922062761,,nmeilinaa,in,"Surabaya, Indonesia",0,1,0,https://x.com/FaizalOktaW/status/1895455981922062761,1254373016294658055,FaizalOktaW,udah kayak gini eh terus masih aja dibandingin sama yang walikota kediri yang juga th dan udah sh mh bakal lucu dan ngeselin sih,"already like this, eh, still, it's still compared to the Mayor of Kediri who is also TH and already SH MH will be funny and annoying anyway",positive,2025-02-28,0
